symboling,normalized-losses,make,fuel-type,engine-location,price($)
3,254,mazda,diesel,rear,32761
1,100,hyundai,diesel,front,35715
3,173,ford,gas,rear,26331
-2,138,bmw,diesel,rear,34645
-2,149,bmw,diesel,front,54235
-1,178,nissan,gas,rear,47059
0,111,toyota,gas,rear,2505
3,111,honda,diesel,front,58390
3,139,mercedes,gas,rear,4728
2,173,bmw,gas,rear,59652
1,156,honda,diesel,front,18218
-1,210,mercedes,diesel,rear,46187
1,152,bmw,gas,front,17027
1,64,ford,gas,front,13441
0,206,mazda,gas,rear,32037
3,126,mazda,gas,rear,28014
1,85,hyundai,diesel,rear,39111
-1,137,mazda,diesel,rear,32696
-2,187,nissan,diesel,front,29350
3,167,bmw,gas,rear,25495
0,190,ford,gas,rear,25177
3,101,audi,diesel,rear,4350
3,188,toyota,diesel,rear,18025
1,252,ford,gas,rear,53171
-1,205,nissan,gas,front,7448
0,78,mazda,diesel,front,27301
2,254,mazda,diesel,rear,44441
3,171,nissan,diesel,rear,31988
-2,172,nissan,gas,front,52914
1,159,hyundai,gas,rear,31538
0,63,bmw,gas,front,59502
3,216,bmw,gas,front,6070
1,206,nissan,diesel,front,56821
2,64,nissan,diesel,front,31597
3,53,bmw,gas,front,23356
1,141,ford,gas,rear,15470
-1,118,toyota,gas,rear,47298
0,236,mazda,diesel,rear,13449
0,97,ford,diesel,front,38564
3,81,ford,diesel,front,46546
1,140,mazda,diesel,rear,25537
2,179,bmw,gas,rear,46881
0,99,mercedes,diesel,rear,50917
-1,222,honda,gas,front,10904
3,142,honda,diesel,front,28654
1,90,nissan,diesel,front,35956
1,123,audi,gas,rear,53756
0,190,nissan,gas,front,18479
1,55,ford,gas,front,27788
0,143,hyundai,diesel,rear,24591
3,91,nissan,diesel,front,18735
1,72,hyundai,gas,front,45959
1,111,mazda,gas,rear,24478
2,95,honda,diesel,front,4054
3,55,hyundai,diesel,rear,59717
3,84,mazda,diesel,rear,20923
-1,185,bmw,diesel,rear,8195
2,80,bmw,diesel,rear,53234
3,57,honda,diesel,rear,27615
3,146,mercedes,gas,rear,25553
3,213,hyundai,gas,front,41176
3,239,bmw,gas,front,34245
2,127,mazda,diesel,rear,28345
2,162,mercedes,gas,front,49625
1,167,audi,diesel,front,10505
0,121,chevrolet,diesel,front,2216
3,220,nissan,gas,rear,32395
0,100,audi,diesel,front,52572
0,96,audi,gas,rear,5023
-2,243,hyundai,gas,rear,13854
2,82,mercedes,gas,rear,3232
1,55,hyundai,gas,front,58139
-2,128,chevrolet,diesel,rear,30356
1,110,ford,diesel,front,36537
-2,154,bmw,gas,rear,15394
-2,102,hyundai,diesel,front,42806
3,139,bmw,gas,rear,10055
-2,135,ford,diesel,front,54401
0,150,hyundai,diesel,rear,18581
0,67,mercedes,diesel,front,11977
-2,233,mercedes,gas,rear,48976
0,172,ford,gas,rear,24377
-1,202,bmw,diesel,front,40846
-1,188,audi,gas,front,4950
0,222,audi,gas,front,37513
0,71,bmw,gas,front,56035
-1,190,chevrolet,diesel,front,8324
0,200,honda,diesel,rear,5244
-2,121,hyundai,gas,front,26174
2,119,mazda,diesel,front,47935
-1,53,bmw,diesel,rear,6478
0,92,honda,gas,front,22230
1,197,ford,diesel,rear,52664
3,140,bmw,diesel,rear,2096
2,159,chevrolet,gas,rear,25617
0,117,bmw,gas,rear,24918
-1,250,audi,diesel,rear,53013
3,209,mercedes,gas,front,15075
1,57,chevrolet,diesel,rear,40382
1,99,hyundai,diesel,front,6141
3,54,mercedes,gas,rear,2662
3,124,honda,diesel,rear,19389
-2,175,chevrolet,gas,front,41882
2,93,nissan,diesel,rear,12680
2,51,bmw,diesel,front,7332
2,251,audi,diesel,rear,15752
-2,99,mazda,gas,front,10559
-1,219,chevrolet,diesel,front,18223
2,72,nissan,gas,front,50221
2,191,nissan,gas,rear,26985
-2,103,chevrolet,diesel,front,16074
-2,221,hyundai,gas,front,28402
3,183,ford,diesel,front,24826
0,243,nissan,diesel,front,49145
3,157,nissan,diesel,rear,23714
-2,113,mercedes,diesel,rear,9075
-2,135,mazda,gas,front,45629
2,128,bmw,diesel,front,47107
0,58,mercedes,diesel,rear,22888
3,82,toyota,gas,rear,34883
2,116,toyota,gas,front,47835
-1,247,nissan,gas,front,31797
-2,151,honda,gas,rear,50267
2,203,chevrolet,gas,rear,43593
-1,55,bmw,diesel,front,10192
3,205,chevrolet,gas,rear,38001
1,143,chevrolet,gas,rear,20489
3,129,bmw,gas,front,20865
-1,245,ford,diesel,front,50161
0,252,audi,gas,rear,35855
2,175,ford,diesel,rear,40996
2,139,toyota,gas,rear,9754
1,51,toyota,diesel,rear,32261
3,170,ford,gas,front,28138
0,100,hyundai,gas,rear,46484
1,94,chevrolet,gas,rear,40683
0,134,bmw,diesel,rear,8533
1,134,honda,gas,rear,42402
3,256,mercedes,diesel,front,47026
-2,150,nissan,diesel,front,43615
0,84,mazda,gas,front,43446
2,116,audi,gas,rear,22775
2,164,honda,gas,front,50218
2,147,toyota,diesel,front,42679
3,173,ford,diesel,rear,54683
0,245,mazda,gas,front,31517
-1,91,nissan,diesel,front,18401
0,114,nissan,diesel,front,56672
-2,72,honda,gas,front,50878
-2,138,mazda,diesel,front,25129
0,165,hyundai,diesel,rear,52981
3,80,chevrolet,gas,rear,24568
-2,100,mercedes,diesel,front,5399
0,178,mercedes,diesel,rear,12171
2,98,bmw,diesel,front,45421
2,52,bmw,gas,rear,57609
2,93,audi,gas,front,58880
2,127,ford,diesel,rear,15082
3,70,bmw,diesel,front,43548
-1,113,nissan,gas,rear,50278
3,59,mercedes,gas,rear,42222
-2,255,nissan,gas,rear,38674
-1,136,bmw,diesel,rear,31905
0,193,mazda,diesel,front,57920
2,71,chevrolet,diesel,front,41756
-1,188,ford,gas,rear,57620
-2,176,audi,diesel,rear,53198
1,160,toyota,diesel,front,51307
-2,133,hyundai,gas,front,18102
1,152,toyota,gas,rear,42395
1,142,hyundai,gas,front,35625
2,208,nissan,gas,rear,11393
-2,86,audi,gas,rear,33259
3,248,audi,diesel,front,2360
1,219,toyota,gas,rear,34832
-2,219,nissan,diesel,rear,40762
3,105,hyundai,diesel,front,56140
2,134,ford,diesel,rear,8563
3,244,ford,diesel,front,10876
-1,216,bmw,gas,front,29724
1,54,chevrolet,diesel,rear,7883
-1,222,honda,gas,rear,9490
1,62,mercedes,gas,front,9723
-1,69,honda,diesel,rear,53378
3,102,ford,diesel,front,31448
0,236,toyota,diesel,front,29734
3,230,toyota,diesel,front,18573
0,214,mercedes,diesel,rear,47683
3,104,chevrolet,diesel,rear,46401
3,233,toyota,gas,rear,42341
0,65,chevrolet,diesel,rear,40880
3,175,toyota,diesel,rear,57940
2,171,chevrolet,gas,rear,17843
-1,89,audi,gas,rear,5928
-2,79,honda,gas,front,21856
-1,187,honda,gas,front,10083
-2,125,audi,gas,front,17267
3,113,mercedes,gas,rear,34758
0,193,nissan,diesel,rear,52459
-1,140,nissan,gas,front,32973
-1,243,toyota,diesel,rear,16699
0,164,honda,diesel,rear,19321
-2,72,nissan,gas,front,35650
2,236,audi,diesel,front,9144
2,184,ford,diesel,front,20532
0,156,nissan,diesel,rear,4235
-1,106,chevrolet,diesel,rear,57374
0,172,toyota,gas,front,35243
-2,192,hyundai,gas,front,41970
3,57,bmw,gas,rear,25634
-1,215,mazda,gas,rear,39395
-1,91,hyundai,gas,rear,14107
3,248,chevrolet,gas,front,23029
2,234,ford,diesel,front,31297
-1,59,mazda,gas,rear,40154
-1,158,audi,diesel,rear,6021
0,202,mercedes,diesel,rear,28366
1,233,ford,diesel,front,58516
0,123,chevrolet,diesel,front,47170
-1,222,mazda,gas,front,14844
3,231,mazda,diesel,front,25685
3,158,nissan,diesel,front,18168
0,129,hyundai,gas,rear,42175
3,84,bmw,gas,rear,33856
1,226,mercedes,diesel,rear,16791
1,125,nissan,diesel,front,58749
0,123,bmw,diesel,front,30413
0,94,mercedes,gas,rear,16155
1,141,honda,diesel,rear,45140
1,66,hyundai,diesel,front,7298
3,73,chevrolet,diesel,rear,18745
-1,153,ford,diesel,front,45290
2,91,honda,diesel,rear,9859
-2,69,mercedes,diesel,rear,10488
-2,144,bmw,diesel,rear,8552
0,222,hyundai,gas,front,18410
-1,225,audi,gas,rear,52806
1,255,hyundai,gas,front,30491
1,252,honda,gas,front,33234
-1,61,mercedes,diesel,front,35471
-2,92,chevrolet,diesel,front,3201
1,69,toyota,gas,front,25627
3,176,ford,gas,front,17399
-2,177,hyundai,diesel,front,11879
-1,185,nissan,diesel,front,43207
2,246,hyundai,gas,front,56230
0,82,bmw,diesel,front,24590
2,70,ford,gas,front,41898
1,200,honda,diesel,front,8895
1,135,chevrolet,gas,front,2697
3,155,mazda,diesel,rear,44083
-1,98,hyundai,diesel,rear,8221
0,242,mazda,gas,front,22816
1,127,hyundai,gas,front,45198
0,217,ford,gas,rear,44921
0,92,bmw,diesel,rear,4420
1,181,ford,diesel,front,25743
3,125,ford,diesel,front,18221
-2,54,nissan,diesel,rear,5556
3,177,toyota,diesel,rear,48909
-1,164,toyota,diesel,rear,35124
2,124,audi,diesel,front,31497
-2,245,mercedes,diesel,rear,55819
-1,252,bmw,gas,front,55052
1,163,ford,diesel,rear,55927
-2,192,mercedes,diesel,rear,35438
1,209,mazda,diesel,front,37615
-2,240,audi,gas,rear,46803
2,81,ford,diesel,front,5958
-2,145,mercedes,gas,front,6273
0,142,toyota,diesel,front,39152
3,136,mercedes,diesel,rear,46424
0,254,chevrolet,diesel,front,34383
0,241,audi,diesel,rear,53193
-2,109,hyundai,diesel,rear,31169
-1,156,toyota,gas,rear,2578
1,155,mercedes,diesel,rear,9412
2,149,nissan,diesel,rear,52311
1,85,honda,diesel,front,24062
-2,101,mercedes,diesel,rear,33924
-2,221,mercedes,diesel,rear,50735
-1,112,toyota,gas,rear,34388
-1,86,mercedes,diesel,rear,7159
-2,168,hyundai,gas,front,30818
3,97,chevrolet,gas,rear,14195
1,83,hyundai,gas,front,2779
2,166,mazda,gas,front,6152
2,174,audi,diesel,rear,38283
2,231,chevrolet,gas,rear,4448
3,130,toyota,gas,rear,42529
2,145,toyota,gas,front,53096
-1,184,bmw,diesel,front,42195
-2,136,honda,gas,rear,4410
-1,116,hyundai,gas,front,6707
-2,62,toyota,gas,rear,36878
0,135,hyundai,diesel,rear,59763
0,110,bmw,diesel,rear,50337
0,202,audi,gas,rear,38868
2,102,toyota,gas,front,33834
3,191,honda,diesel,front,30204
2,231,mercedes,gas,rear,23452
-2,132,toyota,diesel,rear,3188
1,64,hyundai,diesel,front,41110
3,79,hyundai,gas,rear,35570
-2,78,honda,gas,front,46467
2,140,mercedes,diesel,rear,13278
-2,76,honda,diesel,rear,53263
-2,123,chevrolet,diesel,front,13946
0,73,audi,gas,rear,19340
-2,131,mercedes,diesel,front,21096
3,68,nissan,diesel,front,23848
3,81,mazda,gas,front,10903
-2,177,toyota,gas,rear,11359
-1,100,hyundai,diesel,front,9574
2,220,audi,diesel,rear,15028
0,90,nissan,gas,front,6899
-2,73,honda,gas,rear,9881
1,87,honda,diesel,rear,9634
1,237,bmw,diesel,rear,4047
-1,125,toyota,diesel,rear,41352
3,240,mercedes,gas,front,17485
3,173,ford,gas,rear,51476
2,122,hyundai,gas,rear,24440
-1,151,nissan,gas,front,51959
1,97,mercedes,gas,front,12704
-1,144,bmw,gas,front,56393
0,237,mazda,diesel,rear,42710
-2,54,audi,diesel,rear,49489
-2,225,hyundai,gas,rear,23721
-2,138,mazda,diesel,rear,35788
2,220,ford,diesel,front,22322
3,255,mazda,gas,front,19048
3,201,mercedes,diesel,front,20210
-2,227,bmw,diesel,front,58410
3,89,bmw,diesel,front,15776
2,97,honda,gas,rear,55129
0,106,toyota,gas,rear,24978
0,84,ford,diesel,front,59816
-2,61,bmw,gas,front,29853
0,98,mercedes,diesel,front,11144
0,131,ford,gas,front,37789
0,59,ford,diesel,rear,59365
-1,180,chevrolet,diesel,rear,43121
-1,153,nissan,diesel,front,27585
0,95,mercedes,gas,front,21875
1,205,honda,gas,rear,43360
-1,153,mazda,gas,rear,15534
1,67,hyundai,diesel,front,40346
1,84,mazda,gas,front,58226
0,51,mazda,gas,rear,9515
0,93,ford,gas,front,35145
0,156,nissan,gas,front,10669
0,57,nissan,diesel,front,23966
3,59,bmw,diesel,rear,19479
0,122,bmw,gas,rear,18120
3,190,mercedes,diesel,rear,36931
3,171,ford,gas,rear,9602
0,237,mazda,diesel,front,4266
3,185,audi,gas,front,44562
0,174,hyundai,gas,rear,36786
3,204,audi,gas,rear,30552
0,102,ford,gas,front,7454
0,63,nissan,gas,rear,42695
1,62,bmw,diesel,rear,44049
-2,218,honda,diesel,rear,6475
-1,188,hyundai,diesel,rear,24920
0,188,nissan,gas,front,26681
-1,100,toyota,diesel,front,14485
2,176,audi,diesel,front,33837
1,96,audi,gas,rear,15979
0,112,toyota,gas,rear,11932
1,141,bmw,diesel,front,47281
3,99,bmw,diesel,rear,26041
3,229,bmw,diesel,front,34499
-1,175,audi,gas,rear,18539
3,124,honda,diesel,rear,26282
3,160,audi,diesel,rear,13196
3,61,mazda,gas,front,38261
2,126,mazda,diesel,rear,32797
1,238,toyota,gas,rear,51560
0,191,nissan,gas,front,47233
-1,234,chevrolet,gas,rear,5931
2,80,hyundai,gas,front,31848
0,96,chevrolet,diesel,rear,18043
0,190,mercedes,gas,front,22252
1,231,mazda,gas,rear,40955
3,212,hyundai,diesel,front,35171
2,166,nissan,gas,rear,49341
1,125,chevrolet,gas,rear,28498
0,247,chevrolet,diesel,rear,3733
-2,228,audi,gas,rear,53060
2,57,ford,gas,rear,47414
1,214,nissan,gas,rear,27822
-2,192,toyota,diesel,front,53250
-1,72,hyundai,diesel,rear,37591
-2,250,audi,diesel,rear,56240
2,177,bmw,diesel,rear,43641
0,107,mercedes,diesel,rear,14098
-1,189,bmw,diesel,front,56033
-1,239,toyota,gas,rear,12232
-2,109,honda,diesel,rear,29813
0,90,hyundai,gas,front,49470
2,172,audi,diesel,rear,9777
2,116,audi,diesel,rear,8632
3,203,chevrolet,gas,rear,35176
-2,80,chevrolet,gas,front,38645
-2,60,honda,gas,rear,29937
1,112,mazda,gas,rear,26458
-1,64,ford,diesel,rear,31719
2,244,audi,diesel,rear,25097
1,71,ford,diesel,rear,12788
0,251,mercedes,gas,front,55250
3,206,hyundai,gas,rear,13327
-2,220,bmw,diesel,front,55811
0,51,ford,diesel,front,30698
-1,213,honda,gas,rear,35079
2,159,mercedes,gas,front,32371
3,202,mazda,diesel,rear,49175
-2,222,mazda,gas,front,38893
2,61,chevrolet,gas,rear,43760
3,132,honda,gas,rear,33335
1,180,ford,diesel,rear,33168
1,117,toyota,gas,rear,43250
-2,50,nissan,diesel,rear,47039
-2,212,honda,diesel,front,52598
-1,115,mercedes,diesel,rear,58482
0,189,toyota,diesel,front,56840
-1,51,mazda,gas,front,52565
-2,77,nissan,gas,front,51574
2,250,toyota,gas,front,20144
0,212,audi,diesel,front,3052
0,167,hyundai,gas,front,27575
0,226,toyota,gas,front,14489
2,107,ford,diesel,rear,46482
3,90,chevrolet,diesel,rear,40906
-2,197,ford,diesel,front,42258
3,195,audi,diesel,front,32515
1,158,mercedes,diesel,front,42366
0,126,hyundai,diesel,rear,45234
1,122,bmw,gas,rear,59980
1,92,ford,diesel,front,11229
-1,185,nissan,diesel,front,18255
-1,104,toyota,gas,rear,37248
-2,209,nissan,diesel,front,27162
2,59,hyundai,gas,rear,33846
-1,85,nissan,diesel,front,18790
-2,255,mercedes,diesel,rear,5833
-2,109,chevrolet,diesel,front,36788
-1,79,mazda,gas,front,20962
-2,66,hyundai,diesel,rear,5142
0,170,toyota,gas,front,54267
1,53,nissan,gas,rear,14656
0,232,mercedes,diesel,front,5311
-1,115,mazda,gas,front,9355
0,99,toyota,diesel,front,9261
-2,166,audi,gas,rear,30549
-1,151,nissan,gas,rear,57063
-1,118,chevrolet,gas,front,8423
2,59,mazda,gas,rear,38138
-1,240,ford,gas,front,15120
1,231,toyota,gas,front,32306
1,124,mazda,gas,rear,11499
1,112,audi,diesel,front,31478
1,96,chevrolet,diesel,front,47270
3,255,nissan,diesel,front,48219
-1,224,honda,gas,rear,3680
3,124,toyota,gas,front,24110
0,177,bmw,diesel,rear,22019
1,108,toyota,diesel,rear,41876
1,218,toyota,gas,rear,7597
-1,61,mercedes,gas,front,18285
-2,195,audi,gas,front,10442
3,238,hyundai,gas,front,35709
1,212,mazda,diesel,rear,4658
-1,134,mazda,gas,rear,37197
0,211,bmw,diesel,rear,18569
3,213,chevrolet,diesel,front,39780
1,88,audi,gas,front,35597
-2,239,hyundai,gas,front,2024
0,167,mazda,gas,front,39126
3,72,mazda,gas,rear,43450
1,243,bmw,diesel,rear,40517
2,229,mazda,gas,front,10824
0,253,hyundai,diesel,rear,44355
-1,173,nissan,diesel,front,6999
1,173,ford,diesel,front,36564
3,67,nissan,diesel,rear,38572
3,165,audi,diesel,rear,31326
0,122,hyundai,diesel,rear,26953
2,165,hyundai,gas,front,7177
-1,173,bmw,gas,rear,3103
-1,226,hyundai,diesel,front,48297
1,144,toyota,gas,front,16770
1,50,audi,diesel,front,11569
1,198,mazda,diesel,rear,59381
1,60,audi,diesel,front,50218
3,171,toyota,diesel,rear,38515
0,255,audi,gas,front,9925
3,107,ford,diesel,front,57728
-1,153,nissan,gas,front,19654
1,145,bmw,gas,front,23830
-1,74,hyundai,diesel,rear,10967
-2,206,chevrolet,gas,front,13578
3,86,nissan,diesel,front,23428
-2,204,audi,diesel,rear,31043
1,206,toyota,diesel,rear,51813
0,122,bmw,gas,front,19367
-1,95,toyota,gas,front,31472
-1,63,hyundai,diesel,rear,6448
0,206,nissan,gas,rear,27846
-1,131,chevrolet,gas,front,49450
-1,122,ford,diesel,front,10429
2,63,chevrolet,diesel,rear,34203
0,218,ford,gas,front,49729
3,111,bmw,gas,rear,11856
-2,155,audi,gas,front,53697
1,154,chevrolet,diesel,rear,31085
2,126,toyota,diesel,rear,8558
2,92,mazda,diesel,front,19797
-2,134,toyota,diesel,rear,26351
1,251,mercedes,gas,front,46604
0,142,hyundai,diesel,front,59517
1,217,toyota,gas,rear,46971
2,99,honda,gas,front,50520
-1,107,ford,gas,front,44527
2,207,toyota,diesel,rear,51260
-1,218,bmw,diesel,rear,18280
0,196,mazda,diesel,front,50856
3,62,audi,diesel,rear,44139
-1,108,mercedes,diesel,front,53482
0,234,ford,gas,front,49043
0,240,toyota,diesel,rear,32265
3,129,hyundai,gas,rear,14216
2,152,honda,diesel,front,44018
3,219,toyota,gas,front,37882
0,102,hyundai,gas,front,59677
3,255,mercedes,diesel,rear,29282
2,85,toyota,gas,rear,45512
1,125,audi,gas,front,42471
-1,180,mazda,gas,rear,54544
-1,210,chevrolet,gas,rear,57472
-2,222,toyota,diesel,front,47793
1,82,ford,gas,rear,21606
-2,105,hyundai,diesel,front,13891
-1,128,bmw,diesel,rear,38834
-2,64,bmw,gas,front,15387
-1,160,hyundai,gas,rear,14464
3,117,mercedes,gas,front,53685
0,252,toyota,gas,front,38247
3,231,hyundai,diesel,rear,32586
1,133,chevrolet,gas,rear,35530
-2,162,honda,gas,rear,9492
1,191,honda,gas,front,28252
3,194,hyundai,diesel,front,11219
3,229,honda,diesel,front,21272
-2,151,chevrolet,gas,rear,17627
2,232,mercedes,gas,rear,22442
-2,100,ford,diesel,rear,36554
1,244,ford,gas,rear,27101
3,253,audi,diesel,front,52715
0,72,chevrolet,diesel,front,23259
-1,255,hyundai,diesel,rear,21849
1,218,toyota,gas,front,18761
1,106,nissan,diesel,front,21321
2,197,audi,diesel,front,30121
0,138,mercedes,diesel,rear,49300
-2,93,chevrolet,diesel,front,4740
-1,207,nissan,gas,rear,54466
-2,212,hyundai,diesel,rear,7983
2,71,nissan,diesel,front,32085
2,112,mazda,diesel,front,34300
3,54,chevrolet,diesel,rear,40275
1,134,audi,gas,rear,57747
-2,245,mercedes,gas,front,27899
2,85,chevrolet,diesel,rear,39164
0,85,bmw,diesel,rear,13717
-1,214,ford,gas,front,56013
2,221,mazda,diesel,front,50828
0,158,mazda,gas,front,14050
0,222,mazda,diesel,rear,26997
2,145,ford,gas,front,14738
2,54,audi,diesel,rear,9868
0,84,mercedes,gas,rear,14953
1,196,honda,gas,rear,48033
-1,248,mazda,gas,rear,16367
2,164,mazda,diesel,front,15509
0,168,nissan,gas,rear,37733
-2,219,hyundai,gas,rear,29763
-2,104,honda,gas,rear,19575
0,152,mazda,diesel,front,44544
-1,175,ford,diesel,rear,37959
0,82,hyundai,diesel,front,59988
-1,233,ford,diesel,rear,45803
-2,245,mazda,gas,rear,41024
0,141,honda,gas,rear,25887
-1,98,mazda,diesel,front,5004
1,148,mercedes,diesel,rear,31654
0,210,ford,diesel,front,6985
0,87,bmw,diesel,front,23339
1,199,toyota,gas,front,59546
0,111,hyundai,gas,front,57613
2,207,hyundai,gas,rear,7250
0,90,honda,gas,front,4298
3,244,toyota,gas,rear,48243
3,112,mercedes,diesel,rear,41467
-1,154,toyota,diesel,front,38583
2,190,nissan,gas,front,20194
0,206,mazda,diesel,rear,2067
1,117,bmw,gas,rear,23149
2,253,toyota,diesel,rear,15450
-2,189,honda,gas,front,31777
3,51,toyota,diesel,front,38028
-1,181,bmw,diesel,rear,36848
3,88,bmw,diesel,rear,41323
-1,63,honda,gas,front,49591
-2,109,toyota,diesel,front,52586
-1,164,toyota,diesel,rear,19927
0,173,hyundai,gas,front,45143
0,96,toyota,diesel,rear,17838
1,107,bmw,diesel,front,27767
-2,238,bmw,diesel,front,18302
1,120,bmw,diesel,front,37686
3,128,ford,diesel,rear,56468
0,181,honda,diesel,front,27350
-1,63,bmw,diesel,front,4872
1,223,toyota,diesel,front,52880
-2,139,hyundai,diesel,front,19539
1,156,honda,diesel,rear,49507
2,153,chevrolet,diesel,front,37463
1,68,audi,diesel,rear,11913
-1,108,ford,diesel,rear,20064
1,110,honda,diesel,front,42913
3,228,bmw,diesel,rear,50055
0,104,toyota,gas,rear,12509
1,149,hyundai,diesel,rear,36886
0,81,toyota,gas,rear,57237
2,161,bmw,gas,rear,35194
-2,223,audi,diesel,rear,5033
1,200,chevrolet,diesel,front,12081
3,149,chevrolet,gas,front,39696
3,119,ford,gas,rear,57041
-2,101,nissan,diesel,front,44550
-2,251,chevrolet,diesel,rear,56698
0,195,hyundai,diesel,front,23467
3,210,mazda,gas,rear,44234
-1,77,honda,diesel,rear,59809
0,115,mazda,diesel,rear,19741
3,220,hyundai,diesel,rear,38702
3,81,mazda,gas,rear,37923
-1,112,ford,gas,rear,8715
2,105,hyundai,diesel,rear,17465
-2,167,ford,gas,front,36617
-2,55,chevrolet,diesel,front,23961
0,171,toyota,gas,front,3573
3,249,honda,diesel,front,42046
-1,92,toyota,gas,front,18210
-1,167,mazda,gas,rear,15617
-1,139,audi,gas,rear,39905
2,176,audi,diesel,rear,59589
2,201,hyundai,diesel,front,56199
1,78,ford,gas,front,23835
3,168,hyundai,diesel,front,35892
2,125,bmw,gas,rear,12713
1,249,honda,gas,rear,7058
0,209,hyundai,diesel,front,11636
-1,177,bmw,gas,front,51742
-1,184,audi,diesel,front,3748
2,123,nissan,gas,front,43669
-2,190,audi,diesel,front,16789
-1,134,toyota,diesel,front,57302
-2,245,audi,gas,rear,55911
2,57,audi,gas,rear,19859
3,192,toyota,diesel,rear,31354
0,203,honda,diesel,front,46963
2,211,hyundai,gas,front,24572
0,176,mercedes,diesel,front,29911
2,110,mazda,gas,rear,46450
3,183,chevrolet,diesel,rear,52087
3,156,mazda,diesel,front,7054
-1,195,nissan,diesel,rear,16121
0,91,nissan,gas,front,57533
2,123,audi,diesel,rear,21400
1,61,mercedes,diesel,front,52072
-1,137,hyundai,diesel,rear,13191
3,245,toyota,gas,rear,31420
0,93,ford,diesel,front,56084
1,127,toyota,diesel,front,32098
-2,63,chevrolet,gas,rear,33026
3,53,bmw,diesel,rear,47755
-1,250,mazda,diesel,rear,41756
0,237,audi,gas,front,58703
3,144,honda,diesel,front,3393
-2,115,chevrolet,gas,front,8377
3,116,honda,gas,front,52884
0,87,toyota,gas,rear,29165
-2,51,audi,diesel,rear,32266
-2,76,hyundai,gas,front,2011
-1,215,chevrolet,diesel,rear,29619
-2,245,mercedes,gas,front,23116
2,208,honda,gas,rear,55840
1,154,audi,diesel,rear,49729
-1,139,hyundai,diesel,rear,25899
-1,121,mazda,gas,rear,12453
1,140,mercedes,gas,front,53168
-1,224,bmw,gas,rear,2947
0,169,nissan,diesel,rear,12425
-2,80,hyundai,gas,rear,29294
-2,113,mercedes,gas,rear,22332
0,182,toyota,gas,rear,33169
2,153,mercedes,diesel,front,7280
1,86,mercedes,diesel,front,29716
2,59,audi,diesel,rear,2597
1,90,hyundai,diesel,front,46815
2,156,toyota,diesel,front,32955
2,164,chevrolet,diesel,rear,33602
2,191,mercedes,gas,front,21038
-2,144,mercedes,gas,rear,35920
-2,84,honda,diesel,rear,56591
0,179,bmw,gas,front,59996
-2,158,audi,gas,rear,19842
-2,137,mazda,diesel,rear,29190
-2,231,hyundai,diesel,rear,15019
3,76,ford,gas,rear,26377
3,237,nissan,gas,front,23085
-2,127,chevrolet,diesel,front,11765
0,230,nissan,gas,rear,51283
3,51,nissan,gas,rear,15750
3,60,mazda,diesel,rear,24890
-1,209,mazda,gas,front,32457
-1,53,ford,gas,front,55943
1,131,toyota,gas,rear,9634
1,225,honda,gas,front,57275
-2,132,toyota,gas,rear,40312
-2,128,honda,diesel,rear,9712
1,169,ford,gas,rear,3563
0,72,toyota,gas,front,6024
3,64,toyota,gas,rear,54012
0,189,hyundai,gas,front,56227
0,220,honda,diesel,rear,2512
3,93,honda,diesel,front,2757
2,64,honda,gas,rear,17997
2,84,nissan,gas,front,19829
3,241,honda,diesel,front,3316
2,57,nissan,gas,front,54093
3,102,toyota,diesel,rear,53117
1,78,bmw,gas,rear,39901
-1,226,mazda,gas,front,48234
3,237,mazda,diesel,rear,7229
-2,218,bmw,gas,rear,28120
2,88,toyota,diesel,rear,2761
-2,165,toyota,diesel,front,53997
2,231,hyundai,diesel,rear,39446
0,168,nissan,gas,front,40351
0,66,audi,diesel,rear,59347
-2,249,chevrolet,gas,front,36332
0,156,mazda,diesel,rear,48751
2,93,chevrolet,gas,rear,36419
3,87,chevrolet,gas,front,42426
-1,67,nissan,gas,rear,42043
-1,245,toyota,gas,rear,37644
-2,56,toyota,diesel,front,58059
2,202,bmw,diesel,front,54254
-2,155,honda,gas,front,5529
0,164,mazda,diesel,front,10047
-1,85,hyundai,gas,front,16358
2,170,chevrolet,gas,front,21598
1,162,bmw,gas,rear,15748
1,66,bmw,gas,rear,2702
3,256,nissan,gas,front,36079
3,136,honda,gas,front,21333
0,101,bmw,diesel,front,19175
3,170,nissan,gas,rear,53186
0,181,bmw,diesel,rear,53491
1,70,honda,gas,rear,21553
1,74,bmw,gas,rear,7650
-2,250,audi,diesel,rear,43599
0,188,mazda,gas,front,24825
-2,238,mercedes,gas,rear,30421
-1,53,toyota,diesel,front,14264
2,196,chevrolet,diesel,front,45415
-2,101,nissan,gas,rear,56777
1,121,bmw,diesel,front,53783
-1,177,hyundai,diesel,rear,52447
-1,147,honda,gas,front,41171
2,141,mercedes,gas,rear,51069
2,58,nissan,diesel,rear,35452
-1,159,ford,gas,rear,8239
1,167,nissan,diesel,rear,5841
2,98,ford,gas,front,59094
1,232,toyota,diesel,rear,54478
0,98,hyundai,gas,front,38927
-2,244,honda,diesel,front,37920
-1,217,audi,diesel,front,10419
2,233,mazda,diesel,rear,43133
2,63,toyota,gas,front,29077
0,229,nissan,diesel,front,32120
-1,208,ford,gas,front,15649
0,189,mercedes,gas,front,43136
0,208,ford,gas,rear,11907
1,107,bmw,gas,rear,11547
3,75,toyota,diesel,rear,28177
0,117,honda,diesel,front,19427
-2,200,chevrolet,gas,rear,36521
3,226,chevrolet,gas,rear,21974
1,53,toyota,gas,rear,37645
0,152,ford,diesel,front,30412
-1,201,bmw,diesel,front,21322
0,206,nissan,diesel,rear,55685
0,201,audi,diesel,rear,45887
2,177,ford,gas,rear,29480
1,218,chevrolet,diesel,rear,36194
1,212,toyota,diesel,rear,27711
2,53,audi,diesel,front,26715
0,115,toyota,diesel,front,38257
-2,252,mercedes,gas,rear,25656
0,57,bmw,gas,rear,56161
1,116,mazda,gas,front,11590
1,104,ford,gas,rear,26508
-1,196,honda,diesel,front,14281
3,173,mazda,diesel,rear,27433
-1,165,hyundai,gas,front,9137
0,58,mazda,gas,rear,18993
1,212,chevrolet,diesel,rear,56513
1,96,toyota,diesel,front,49480
3,130,mercedes,diesel,front,2751
1,139,audi,gas,rear,22092
-2,144,ford,diesel,front,43119
1,80,honda,gas,front,40874
1,95,hyundai,gas,rear,6777
3,127,nissan,diesel,front,38832
0,125,toyota,diesel,rear,39692
-1,146,chevrolet,gas,rear,10252
-2,98,chevrolet,gas,rear,40885
-2,141,honda,diesel,front,57199
-2,123,hyundai,gas,rear,49401
-1,125,chevrolet,gas,rear,20462
0,89,hyundai,gas,front,25186
-1,202,mazda,diesel,front,14917
1,246,hyundai,diesel,rear,55726
-1,220,mazda,diesel,rear,26053
3,168,nissan,diesel,front,28242
-2,193,ford,gas,front,2843
-1,226,toyota,gas,front,56168
-2,109,mercedes,gas,rear,49991
-1,159,chevrolet,gas,rear,24553
1,116,toyota,diesel,front,17262
2,110,ford,diesel,rear,27034
-1,162,mercedes,gas,front,6888
0,127,nissan,diesel,rear,40307
-1,221,nissan,diesel,front,29809
3,133,audi,diesel,front,16018
0,188,audi,diesel,front,57289
-2,194,toyota,diesel,rear,19360
0,113,mazda,diesel,rear,35921
-1,156,mercedes,diesel,rear,49106
3,217,toyota,gas,front,16866
2,166,bmw,gas,rear,11867
-2,228,hyundai,diesel,rear,11441
3,108,chevrolet,gas,front,21462
2,57,nissan,diesel,front,20318
0,95,chevrolet,diesel,front,55735
0,137,bmw,gas,front,18328
3,215,toyota,diesel,rear,36761
0,230,audi,diesel,rear,46283
2,52,mercedes,gas,front,27390
2,90,toyota,diesel,front,20406
0,123,audi,diesel,front,55011
2,195,bmw,gas,front,10661
3,52,nissan,diesel,front,23404
-1,145,hyundai,gas,rear,52518
1,185,bmw,diesel,rear,37219
0,218,hyundai,diesel,rear,50945
3,251,audi,diesel,front,10872
0,128,chevrolet,diesel,rear,34991
1,118,toyota,diesel,front,34172
-2,123,bmw,gas,front,52083
0,152,ford,diesel,rear,58211
-1,69,nissan,diesel,rear,9784
-2,155,ford,gas,rear,11214
0,115,audi,gas,rear,35344
2,210,nissan,diesel,front,39601
3,184,mercedes,gas,front,9655
2,206,ford,diesel,rear,5741
1,96,hyundai,gas,front,38754
-2,98,mercedes,diesel,rear,22892
2,105,mercedes,diesel,front,53800
0,123,mercedes,diesel,rear,6414
0,65,hyundai,diesel,front,47472
1,149,ford,gas,rear,36935
3,236,chevrolet,gas,rear,17413
3,223,nissan,diesel,front,9501
-1,112,toyota,gas,rear,55599
1,141,hyundai,gas,rear,2930
-1,69,ford,gas,rear,41452
0,208,mercedes,gas,rear,39753
0,83,ford,diesel,rear,49127
1,201,mercedes,gas,rear,4783
2,148,chevrolet,diesel,rear,2094
2,208,mercedes,gas,front,8727
-1,162,toyota,diesel,front,23859
0,165,audi,gas,front,44735
-2,153,hyundai,diesel,rear,41920
1,99,ford,diesel,rear,43660
3,162,hyundai,diesel,front,48020
2,92,nissan,diesel,rear,26704
0,127,chevrolet,diesel,rear,7143
-2,115,mercedes,gas,front,41682
1,213,bmw,diesel,rear,25439
-2,95,ford,diesel,front,31486
-1,236,ford,gas,rear,47170
0,187,mazda,diesel,front,22477
0,183,ford,diesel,rear,16991
2,94,toyota,gas,front,38783
3,116,audi,diesel,rear,29496
-2,233,chevrolet,gas,rear,10955
-1,102,honda,gas,rear,22830
2,233,chevrolet,gas,front,3902
3,60,hyundai,gas,front,14352
-2,246,chevrolet,diesel,rear,17454
2,255,audi,diesel,front,15915
2,80,mazda,gas,rear,43469
-1,221,mazda,diesel,front,9257
-1,247,nissan,diesel,front,50224
1,238,chevrolet,gas,front,28720
-2,253,ford,gas,front,21982
2,192,hyundai,gas,rear,45421
1,93,audi,gas,rear,39224
-2,114,honda,diesel,front,4799
0,192,mazda,gas,rear,21875
3,64,hyundai,gas,rear,45893
3,97,toyota,diesel,front,8643
3,235,mazda,gas,rear,55433
2,164,ford,diesel,rear,23604
-2,245,nissan,gas,rear,14404
2,242,chevrolet,diesel,front,40878
3,119,bmw,gas,rear,3080
2,124,chevrolet,diesel,front,10238
-1,104,mercedes,gas,rear,27846
-1,104,mazda,gas,rear,16744
0,106,honda,diesel,front,11180
3,205,audi,diesel,rear,35880
0,174,nissan,diesel,rear,49818
-1,225,hyundai,diesel,front,9619
2,220,chevrolet,diesel,rear,41248
-1,249,mazda,gas,rear,34454
-1,208,toyota,gas,rear,33251
2,237,mazda,diesel,rear,57349
0,215,chevrolet,diesel,front,29936
-1,99,honda,gas,rear,44912
-1,142,hyundai,gas,front,15764
3,164,hyundai,gas,rear,15153
-1,157,honda,gas,rear,17857
-2,168,bmw,gas,rear,38201
1,52,honda,diesel,front,57521
3,146,bmw,diesel,rear,54996
0,89,nissan,gas,rear,7358
0,104,nissan,diesel,front,39510
2,55,ford,gas,rear,13746
3,161,mercedes,gas,rear,51497
3,69,bmw,diesel,front,41543
3,172,ford,gas,front,48554
1,180,honda,gas,front,35281
1,244,nissan,gas,front,41502
1,93,audi,diesel,rear,12709
1,214,nissan,gas,front,27015
2,178,mercedes,diesel,front,14503
3,256,audi,diesel,rear,27393
3,104,nissan,diesel,rear,43642
-1,80,honda,gas,rear,22075
1,192,ford,diesel,rear,2641
1,175,ford,diesel,rear,46127
-1,145,hyundai,gas,front,50312
-1,169,audi,gas,rear,43364
-2,110,toyota,diesel,rear,54435
1,88,chevrolet,diesel,rear,8126
-2,177,nissan,diesel,front,30642
0,150,mercedes,diesel,rear,15355
3,106,mercedes,diesel,rear,7390
1,232,audi,diesel,front,44974
1,191,mazda,gas,rear,21591
2,256,honda,gas,front,57865
3,211,mazda,gas,rear,55062
3,218,ford,diesel,rear,3600
0,188,bmw,diesel,rear,7272
1,221,toyota,diesel,rear,6392
3,115,audi,diesel,front,45719
2,85,honda,diesel,front,58811
1,181,chevrolet,diesel,rear,24867
-1,209,hyundai,diesel,front,51941
1,200,audi,gas,front,26069
-2,79,audi,gas,rear,23085
2,90,audi,gas,front,20951
2,230,ford,gas,front,34993
-1,104,mazda,diesel,front,52881
1,253,chevrolet,diesel,front,25431
2,138,honda,diesel,front,13927
1,233,mazda,diesel,rear,22183
3,174,ford,diesel,rear,46287
1,218,chevrolet,diesel,front,29723
0,196,mercedes,gas,rear,15414
